<?xml version="1.0"?>
<ViewerConfig>
    <QueryConfig>
        <QueryParams>
            <UserQuery />
        </QueryParams>
        <QueryNode>
            <Name LanguageNeutralValue="Distribution Group Created" />
            <QueryList>
                <Query Id="0" Path="Security"><Select Path="Security">*[System[Provider[@Name='Microsoft-Windows-Security-Auditing'] and (EventID=4744)]]</Select><Select Path="Security">*[System[Provider[@Name='Microsoft-Windows-Security-Auditing'] and (EventID=4749)]]</Select><Select Path="Security">*[System[Provider[@Name='Microsoft-Windows-Security-Auditing'] and (EventID=4759)]]</Select></Query>
            </QueryList>
        </QueryNode>
    </QueryConfig>
</ViewerConfig>