<?xml version="1.0"?>
<ViewerConfig>
    <QueryConfig>
        <QueryParams>
            <UserQuery />
        </QueryParams>
        <QueryNode>
            <Name LanguageNeutralValue="Distribution Group Deleted" />
            <QueryList>
                <Query Id="0" Path="Security"><Select Path="Security">*[System[Provider[@Name='Microsoft-Windows-Security-Auditing'] and (EventID=4748)]]</Select><Select Path="Security">*[System[Provider[@Name='Microsoft-Windows-Security-Auditing'] and (EventID=4753)]]</Select><Select Path="Security">*[System[Provider[@Name='Microsoft-Windows-Security-Auditing'] and (EventID=4763)]]</Select></Query>
            </QueryList>
        </QueryNode>
    </QueryConfig>
</ViewerConfig>