<?xml version="1.0"?>
<ViewerConfig>
    <QueryConfig>
        <QueryParams>
            <UserQuery />
        </QueryParams>
        <QueryNode>
            <Name LanguageNeutralValue="Distribution Group Member Changed" />
            <QueryList>
                <Query Id="0" Path="Security"><Select Path="Security">*[System[Provider[@Name='Microsoft-Windows-Security-Auditing'] and (EventID=4745)]]</Select><Select Path="Security">*[System[Provider[@Name='Microsoft-Windows-Security-Auditing'] and (EventID=4750)]]</Select><Select Path="Security">*[System[Provider[@Name='Microsoft-Windows-Security-Auditing'] and (EventID=4760)]]</Select></Query>
            </QueryList>
        </QueryNode>
    </QueryConfig>
</ViewerConfig>