<?xml version="1.0"?>
<ViewerConfig>
    <QueryConfig>
        <QueryParams>
            <UserQuery />
        </QueryParams>
        <QueryNode>
            <Name LanguageNeutralValue="Logon Success Batch (4)" />
            <QueryList>
                <Query Id="0" Path="Security"><Select Path="Security">*[System[Provider[@Name='Microsoft-Windows-Security-Auditing'] and (EventID=4624)]] and *[EventData[Data[@Name='LogonType']='4']]</Select></Query>
            </QueryList>
        </QueryNode>
    </QueryConfig>
</ViewerConfig>